slope_angle,altitude_change,weather_severity,trail_difficulty,path_width_m,visibility_km,risk_level
11.60934072833945,-24.448624099179085,2,1,4.092104087178091,6.412660218314743,Safe
14.634335274551338,104.45588079614117,2,2,2.384340898026638,11.755789068433508,Safe
5.561970363488719,170.70599553944072,2,2,4.46828483981249,11.651212982409966,Safe
3.4085808267716535,21.833914806333922,1,2,4.4828935159777465,14.474965986830973,Safe
11.371316101280607,-58.18961274805267,2,1,4.679363363966593,16.67575245610643,Safe
2.9195806177795136,-13.311598509186325,1,1,2.4628684762026434,15.245734298636819,Safe
11.171432338617256,187.003892973684,1,1,3.1113791181046064,12.043337169137118,Safe
2.8420703862642855,-148.03139786581136,1,2,2.6807280471526522,15.047209920237655,Safe
6.557278783084961,133.07127842313497,2,2,2.937099924146123,17.483897020928016,Safe
12.071465362452027,-45.00864838793021,1,2,4.047486511924927,7.096287254139647,Safe
2.9986230371266247,-197.0550920995978,2,2,3.994552569776096,15.577480679395027,Safe
11.710935465329518,-16.43368978466401,2,2,2.4193909943829723,6.717951103039601,Safe
10.026044426857075,-11.561517542746998,2,2,4.294996572248077,14.520774800008862,Safe
8.303691009869937,23.682864298165413,1,2,2.092453503703818,11.550760838485434,Safe
3.218770092292938,-36.588542510145544,2,2,2.7018184575960222,5.87454112533599,Safe
4.220758380329948,-82.56249689332655,2,1,3.671096457023835,16.7584731365962,Safe
9.964703104910813,-37.44525542397179,2,1,2.5009187597231115,5.3406810970079075,Safe
1.3507179116346264,88.94374023858012,1,2,2.4838153371008054,12.515671626550454,Safe
2.2846815406975263,78.52815003109441,1,1,3.1430636782894474,9.522681337218149,Safe
9.454238896783327,-55.27495577864383,1,2,2.354017706361546,19.428464968242718,Safe
13.628710360614106,79.88285352429983,1,1,4.907529132043171,16.68126355948692,Safe
10.753352837384934,-20.25539914248452,1,2,2.2891728864604977,18.539035948157625,Safe
6.836644347504166,-119.05465408190787,1,2,3.737658706825688,7.651591744088476,Safe
12.849214261385633,103.40781193408407,2,1,3.296279119325311,14.409632610536647,Safe
8.761469533691034,59.938640621928016,1,2,3.247422206511829,5.624212607928387,Safe
7.409862288667784,-68.05551506688587,1,2,2.3102089031676547,13.81466858266568,Safe
2.5588945280532913,170.0480473507189,2,2,3.0406094136045114,13.863732372221252,Safe
0.34205806544546247,183.42368529657813,1,1,4.3482056817508585,6.240949998836578,Safe
7.299874962572405,-3.7172022581916337,2,1,3.7151841571282262,12.102341015854307,Safe
4.0046349463784034,-67.37240106297912,2,2,3.31673438091514,5.324181198204957,Safe
12.394378862915367,158.46430873590668,1,2,3.662108430617148,6.628636117031653,Safe
10.083601395597176,-87.50648646439667,2,1,4.180983842860648,16.529712378764856,Safe
1.6161141893384485,166.40473805504314,1,2,2.1122376685285396,13.32278704087225,Safe
5.563834257936581,131.91589725296524,2,1,2.951416678468146,19.293490926046175,Safe
4.3637675721017795,6.022851692685805,1,2,4.80813071014689,7.469117263730272,Safe
0.6736592908849348,-25.961175998784825,2,2,4.675031798764742,16.229120291854237,Safe
13.361887363177873,157.3786558791453,2,1,2.947787155492379,16.58018648166482,Safe
9.924918947516415,-50.536908450515966,1,2,4.240368834047078,8.93690773884297,Safe
14.052197258006688,-103.6117699977261,1,1,4.493338016374718,7.299264749367411,Safe
2.6890246223660865,39.75311660833739,2,2,2.5893039971437197,9.654855093501421,Safe
11.661072573617663,188.73057042438694,2,1,2.4316925076537523,5.209044315623023,Safe
3.444840449982829,-147.27111288539157,2,1,2.365497513885593,12.594948974309496,Safe
10.413936534643296,32.44664368836095,1,1,4.412373578546788,15.731106944237025,Safe
11.084760058733126,-147.5768993770747,1,1,4.782687653019523,10.96367290737411,Safe
4.514230376714096,-4.5663818593866665,2,2,4.86686977114091,9.296693403230826,Safe
13.872126439680407,-190.0562034454975,2,2,3.9019253350432552,6.588461056261299,Safe
2.1050939559586896,-32.35427227347847,2,1,3.7881276597031186,18.995348324003167,Safe
12.06541373419456,-13.047359377883396,2,2,2.053510351930963,6.637159951486025,Safe
12.441429223241045,118.72683533006472,1,1,3.5923087717971605,14.090237310500164,Safe
13.016084306640167,41.24286293549028,1,1,3.122552130221548,11.388231295602647,Safe
9.778965383699612,146.99625270092997,1,1,2.743518688854074,8.549935444963717,Safe
11.190214203651696,126.62750536956418,1,2,2.1996765708655346,13.916504956346778,Safe
2.1925986628904743,129.8656761825365,1,1,2.4316157989134277,18.814557087311755,Safe
2.4829758410291722,-86.11196706482578,1,2,2.346470190996065,5.317220245046601,Safe
0.8309311374639017,-130.14341162565893,1,2,3.7734314483329134,15.210717901992595,Safe
5.904456852480424,-72.80356121918024,2,2,4.625014826703826,17.76697440233309,Safe
0.6521259301918791,-127.40063616139037,1,2,2.7481627274966356,13.568489776141591,Safe
6.243936385547884,-180.2983520289624,1,1,3.5712588461529116,6.52507854355574,Safe
12.501878306828395,-179.2152534139583,2,1,2.2973394247396266,17.653624273966294,Safe
13.539797158914256,191.8282722346371,2,1,4.338432622313986,14.637249139933214,Safe
11.684945318671934,-146.17911663474118,2,2,3.5426686105712433,17.863582161838366,Safe
6.941990483902738,-45.96420155985862,2,2,2.7993899525025383,7.096526164309353,Safe
7.1681591103561875,-33.244252562046,1,2,3.102535430345384,10.495886747393712,Safe
4.912433466188181,-48.21436810922842,2,1,2.8906294237138557,19.232868900730104,Safe
13.745220293072668,-7.635828679968569,1,2,3.6063043694900094,17.728407331604366,Safe
9.788810108401531,121.75673117883099,2,2,3.8987528878028623,9.322334212736926,Safe
11.023397434654362,-119.03816274971265,2,2,4.582157204977682,6.9815425595231595,Safe
9.215696108128796,-161.96170070802617,2,2,2.2534796564705606,19.039097340509393,Safe
2.0611189505670326,183.55209836363213,2,1,3.781046013399062,16.739361569443204,Safe
11.926722584746289,178.41082512693214,1,1,3.7702276860749278,6.425737963466018,Safe
9.24248550036182,-131.48347836288448,2,1,3.717291542101549,11.98977729471841,Safe
7.839476632696842,105.56935600263517,2,2,3.4764596467262874,13.993901622839184,Safe
13.968543535351527,-152.1065645995509,1,2,2.263127035732305,14.867949275607918,Safe
6.279124511855692,109.72856645673733,2,1,3.0009132749847147,18.475498210423037,Safe
11.437982206059784,-91.78602363592971,1,2,2.943319940612789,7.364174729374994,Safe
2.2167505881328746,174.45098535029763,1,2,3.1499594683322294,15.945285630160669,Safe
8.294895978793498,174.45599473538488,2,1,3.4381086923736213,10.645392102212394,Safe
14.79947317386483,87.10409440145736,2,2,2.355435731651124,17.75800518786174,Safe
9.556108259868113,-151.23132866595498,2,1,4.058289095316346,5.184540288329043,Safe
6.8147694276261985,130.15980447852849,1,1,3.3756442453956534,11.634711906018397,Safe
4.528910871637374,167.37675820622167,2,2,2.3317652329883316,19.955519867563595,Safe
13.188000364616178,-86.43662485438442,2,2,2.3192585956141487,19.986570957113578,Safe
9.985271041598054,60.05000622351878,1,2,4.6911001966898755,5.434992548067042,Safe
3.6124208706172056,-142.791249933346,2,2,2.5946126816386936,18.65957340696328,Safe
9.844035589912352,-185.5349158021215,1,1,2.1549737510431966,14.088877664715916,Safe
12.022227162891229,-104.57887174904461,2,1,2.171695820459781,17.014457804625145,Safe
13.916931452584206,108.84335964175222,2,2,4.513940655966149,5.602269493205997,Safe
3.026731660785831,-150.03052827774277,2,2,4.235564384986533,14.450177668645981,Safe
12.766966496429026,-137.91480302356365,2,2,2.579124472606712,9.061381269767004,Safe
10.648570459219558,192.08191395947273,2,2,2.1635009449738867,14.244634548912993,Safe
0.6352582737025064,153.65828454672686,2,1,2.5193835392675097,6.375815087362971,Safe
2.7529984332047848,192.01087182167697,1,2,4.352242845024223,14.546125131616654,Safe
8.58619724937956,-141.94789813398012,2,1,2.904027897544154,13.670258237113133,Safe
10.496639168835992,59.69326209812357,2,1,2.445316969760174,12.62529107670413,Safe
6.060515861111489,-10.332508206952753,1,1,2.402283829618296,9.17113318671886,Safe
4.570569056412469,-28.838714527460013,2,2,3.903887352254789,11.177163448783553,Safe
6.131746641430457,-112.94858932121521,2,2,2.9511227339517134,5.540897514160456,Safe
6.276000662352906,-10.34692996393187,1,1,3.717373799366347,13.486578506478814,Safe
10.53003271665557,59.17939288048399,2,2,2.9486424554721293,16.811483329789308,Safe
8.23716575399519,-27.432721928043946,2,2,3.0819720033507627,12.691088669101374,Safe
11.050585327233303,154.5611546894831,2,1,3.5108987755492977,12.804126721108537,Safe
11.998056161457548,-74.2197233023195,2,2,3.48242493955227,6.737850865029026,Safe
1.0808872060941555,136.79728441578527,1,2,2.841834308400968,10.011950607523186,Safe
2.594916677873907,-74.44265207920431,2,1,2.0440485306802123,17.407601367810294,Safe
12.848220353618373,-51.09537072338074,1,2,3.8025212238352424,6.795088337973415,Safe
5.473790416173788,183.37167236038897,2,1,4.316314674063757,9.664422648811493,Safe
10.314975737491388,82.16254619360507,1,2,3.922665903758478,5.160914674635143,Safe
3.1358648790336217,10.035321186904469,1,1,2.4977206036296007,17.544564358253567,Safe
14.836995040254083,22.387771211379345,2,1,4.970964992978818,7.1239383285316205,Safe
6.723684198815266,-42.97091366323204,1,1,4.265990518384234,11.506685409838894,Safe
7.039904012856019,-139.73081047470393,1,1,4.721310866468645,5.669736334614183,Safe
3.4927842741555937,-83.17626787418865,1,1,3.759335519044388,12.399349637759999,Safe
1.2617300183532305,-102.53301837771458,2,2,3.912766101435377,14.737235752014115,Safe
10.053048830270324,105.16120761581163,1,2,3.0998251547978373,13.09291152892518,Safe
5.07684724945989,137.7915493148746,1,1,4.3058827683781375,17.780232753217536,Safe
7.5718722435524715,163.82089754853996,2,1,4.550822896501165,10.108861933872864,Safe
7.4822543779722785,12.564416401831068,1,2,3.195657520104622,18.76006508827514,Safe
9.462483605471135,-128.997367025213,1,1,2.5748090289880996,5.372346976978588,Safe
13.911906877560401,-20.71706869725142,1,1,3.7954315746732097,5.109716844395234,Safe
4.170331599012208,81.21338627955703,2,2,4.945417842627606,14.30536564487066,Safe
7.162588104415992,104.57302527360304,2,2,4.1620878401550545,19.448168353240696,Safe
11.730077561072658,146.7205753047706,1,1,4.197240508981363,11.60133049291053,Safe
8.296557036169128,61.64096379294273,2,1,4.953734244294874,9.323423682318579,Safe
11.006302461568742,99.99341517410744,1,2,2.3716093245926633,5.614204404285797,Safe
11.660146912937678,-4.120103273237646,2,2,3.394920368580959,19.668754686107604,Safe
6.173640032910898,117.47286022398902,1,2,3.6663851304132917,17.03089680478586,Safe
13.87052500829833,129.03323624697265,1,1,3.1181070239202024,5.730477084707769,Safe
1.63923436671837,70.12225146699365,2,2,4.3211620482548785,17.98184822083494,Safe
11.091472027147647,120.34863684265281,1,1,2.7036054513238956,14.328466600628687,Safe
12.871879569372348,-198.19995002413634,2,2,4.031862198093192,5.444109336929198,Safe
6.020333363300819,158.2539525534787,2,2,2.712975090081792,17.79171694447869,Safe
5.220471351142715,141.33786845762376,1,2,3.770960752649447,10.95410101621751,Safe
4.122375761326006,154.62302486874768,1,2,2.254434773707289,10.128904078184906,Safe
10.764587214623514,122.9726423905127,2,2,2.8890861710334947,11.119129266969232,Safe
2.0523191704443944,29.948771849213415,2,1,4.102643030361976,13.928192606200577,Safe
5.88553639382691,166.1195041142219,1,1,2.4031007399391844,10.480676947987002,Safe
1.0075000327165036,-119.20838492448738,1,2,3.35983974950049,14.518103974276958,Safe
5.149386935683617,-31.847291397889165,2,2,4.255889364724746,13.112849554174268,Safe
4.268113126677378,158.79871950919807,1,1,2.9760281915500313,18.63597221634423,Safe
7.943130829276085,96.9271797671907,2,1,3.9603176270284854,9.490749372722384,Safe
3.6205809243999436,-71.0030611325339,1,1,4.622943095872422,9.248703998751711,Safe
8.42234091621577,116.78977005654963,2,2,3.315158775752579,12.143859628800886,Safe
14.920526234025372,69.8389907916096,2,1,4.7076619076576955,16.81384754344009,Safe
2.7776901743035136,24.868293495028894,1,1,3.958766379691995,19.330241422817167,Safe
7.690980964501669,-26.811002852893125,1,1,4.879323566987662,6.545040261952382,Safe
0.616186399572704,-101.57335539802462,1,2,3.3653535272352872,12.741317018856686,Safe
4.688549235428759,-179.61580697004558,1,2,3.1535131339697844,5.907926762398042,Safe
10.472845884148702,-117.19178339007522,1,2,3.1823773315342923,11.249144496037218,Safe
0.024910615122007984,-155.171851600521,2,1,2.0036991875357244,12.622510337193127,Safe
7.342530097608122,-66.76233559574487,1,1,4.341743412579753,17.618055593224348,Safe
3.9052281512287506,-71.00382361290806,1,2,3.4395902016531954,15.248875364882194,Safe
3.4237931319513084,-67.70570317805334,2,1,2.1457078695408742,11.911544078593494,Safe
10.673370623951667,-139.81839537701038,1,2,2.4146161149155922,18.782347902960243,Safe
0.1388967273168512,-124.67121007545927,1,2,2.3318884026866096,14.302239299424444,Safe
3.6245836310862867,27.68482017227072,2,1,4.548305999269337,5.071120893678109,Safe
12.8005418901355,47.64763457078959,1,1,4.318812164405852,17.832373126858784,Safe
3.8139522563123593,167.51747236107235,1,2,3.8102733629999643,19.769743004264654,Safe
5.42304117958799,125.26373832804512,1,1,4.397640566724473,14.011008782939637,Safe
3.2453354283810216,-34.38956248430546,1,2,2.2343251792410914,5.447521551495463,Safe
5.1971798311077135,-192.38634087300537,1,2,4.175549962552607,15.621368535253819,Safe
11.07870579686074,-73.1387315480085,2,1,3.7814916440853428,6.890395126199397,Safe
2.155779921833012,77.23817077188062,1,1,3.52187810474613,19.876617138930662,Safe
0.06011407100009247,-193.36807924097724,2,2,3.7539165024024967,6.903649632777697,Safe
13.459532996311404,152.15212005107685,2,1,3.8653760895822695,9.097807872513144,Safe
0.7577954455800773,37.82704355634573,1,1,3.9908631399810557,17.54367765263902,Safe
0.27240815871546087,38.285509874290966,1,1,4.621665493711404,8.804967598427428,Safe
9.161551998531275,21.41633603584458,1,2,4.0328622907993825,15.886544520731508,Safe
8.504066929790802,103.36889487390164,2,2,3.2578171637024154,12.718745778282964,Safe
0.18704816911819855,118.41142252415136,2,1,3.2238842910816956,6.411079446340937,Safe
13.344846325130959,-41.997103983777436,2,1,2.4481224691044523,19.423244443115486,Safe
2.676626427327464,-120.18320284020385,2,2,4.737748232425794,8.182211112849522,Safe
7.047013322622418,93.39796182513192,2,2,3.1371580851119156,12.755292302741438,Safe
11.125746157796023,92.45439066111817,2,2,3.709801455924579,6.569226452071629,Safe
13.5595993631706,146.2290157284113,2,2,2.2995874314821885,8.065960506221437,Safe
11.15400547661478,-190.7439621672214,2,1,3.1314340410670423,15.789688005362354,Safe
13.31356632732065,-42.148044739967105,1,2,3.82622338669474,13.714840606220761,Safe
6.1370996643719575,40.709902347083386,2,2,3.402920769879789,7.95113271125947,Safe
5.658089743245059,-42.35720696275257,1,2,2.4886145016636645,15.26843110090516,Safe
5.09216631313354,181.95935674232305,1,2,2.296773515314467,16.30256844500387,Safe
13.21554077876805,-88.75465725140485,1,1,2.5572984046132614,12.830184520497685,Safe
7.026249618701565,-96.22406405818631,1,1,3.4444740209788423,19.389985214534125,Safe
9.787788011289948,-1.7973773485526294,1,2,2.7573088716487617,9.421609243618141,Safe
11.472053289108516,150.6843189058477,2,2,4.953705824752262,19.735500246567987,Safe
14.294986991519721,-171.27114379884625,1,1,2.9133995794280985,13.293473810966923,Safe
1.4546683305821895,138.318783120857,2,2,3.627093206906615,7.479669850509367,Safe
3.79883211600296,-135.87519000709676,2,1,3.7526835801836547,16.0269414127945,Safe
4.440492943650386,-51.49894516468913,1,2,4.2800449152321045,16.585294815118523,Safe
3.1022029127104753,176.61554269523958,1,1,4.688366247270891,6.505934684747139,Safe
3.9680971672696663,138.59141442718277,1,2,3.2407037939299093,11.747889499161893,Safe
3.6788845953481446,84.09808053439463,2,1,4.623725419566716,10.089832186048415,Safe
7.962755914317217,-100.6374384537394,1,1,2.4837621885557724,19.10028516211272,Safe
13.319832429083698,110.94348533107689,2,1,3.4718237465356157,12.94618499273747,Safe
8.04852020365634,-26.174766120923863,1,1,2.376991558605608,19.28374573768525,Safe
7.230461393795259,181.28220996207557,1,1,3.6632496561198007,8.115758800273088,Safe
3.7977690918990232,-187.97816849552848,1,1,4.750545222887587,9.822994872234975,Safe
9.121938178718874,-13.99434720429079,1,2,3.5956582740382044,7.808584169230123,Safe
14.829058477793648,127.32314748154516,2,2,3.4062778910418574,7.29315683189504,Safe
13.809987874103518,-63.44517304730894,1,2,3.0272110304318858,16.916855457438267,Safe
9.340631174823123,100.33543389794386,2,2,2.6358638332416278,18.856749741397703,Safe
6.569844043805589,55.60545970566585,1,2,4.980105495233534,9.213445789462327,Safe
2.7928397943069854,-41.73795846348605,1,4,1.1854701957090907,12.682427979301181,Moderate_Risk
17.681732620660497,421.85245015499504,2,4,3.767810577727555,9.275878660082661,Moderate_Risk
29.697808550817545,99.69535671599044,3,1,4.775274925809967,6.920001490823621,Moderate_Risk
7.975597556217266,178.09406087982825,5,5,0.681141829729657,9.047690499611342,Moderate_Risk
40.16194603592968,249.61861892286754,5,2,2.8913621521875967,13.233914804142909,Moderate_Risk
13.611612651206766,447.5355996659923,2,4,3.8232982070898287,8.12249006196973,Moderate_Risk
25.28185185283497,219.7825350215462,3,3,4.581888471092788,8.444089659763423,Moderate_Risk
29.118230916449633,-157.63756669994586,3,4,2.4802254870509857,2.6035596644144765,Moderate_Risk
4.127565557655301,167.48992314675797,4,1,3.4830937139454288,0.4933522623195643,Moderate_Risk
14.694607920230096,-302.1901527408031,4,1,4.372836806282585,5.008939506800331,Moderate_Risk
30.053212148159385,-370.63719654172553,2,5,1.1239452330503878,5.74206325532466,Moderate_Risk
30.363144630717507,410.3269101852525,2,4,2.9393556572782362,14.057682914744301,Moderate_Risk
42.881511081850455,110.06048288717386,2,4,3.314651706112713,6.477774117392521,Moderate_Risk
43.92577758112685,-100.32386483636316,4,3,0.6045241205604132,8.061222778081632,Moderate_Risk
39.379842599513026,110.22744443324586,3,2,4.7117187474607665,17.09428908532986,Moderate_Risk
14.499705322032222,44.548402041339614,3,4,3.3449112505168808,6.748814212479235,Moderate_Risk
10.98922503446497,412.67183525553605,5,5,4.294952985928905,19.56626817221477,Moderate_Risk
33.524618660085984,264.66722856199965,4,2,2.6627343392403793,9.183398670834006,Moderate_Risk
10.810182426705142,144.81919435929046,2,4,1.660137843660595,11.760631344511488,Moderate_Risk
18.449207470126943,-281.14339120536783,5,4,4.372564636824691,3.437220441587841,Moderate_Risk
0.3378164759999941,-163.87003147062626,4,3,4.27628239805446,2.8527484953093794,Moderate_Risk
34.84511555323731,-384.29583269057053,2,1,4.993742817553621,3.932557382295105,Moderate_Risk
6.928361215993189,-77.19966745320647,4,3,4.69805352085964,19.618340796107383,Moderate_Risk
3.1338286466127583,-362.00248265209467,4,3,1.717844685218872,17.708496284176576,Moderate_Risk
29.855396575308905,-388.15519761932285,5,4,1.2936037100363413,8.52755835412511,Moderate_Risk
24.84832178516985,0.7661490802782964,4,2,3.4370903069116485,19.841635910008293,Moderate_Risk
44.973985915088456,16.459402635640913,1,1,3.7752948453592325,19.535615156510126,Moderate_Risk
14.324687443305915,-38.7911141624262,3,1,0.7313861955061821,13.47806218134655,Moderate_Risk
15.90019627808105,287.4638746315022,5,4,4.195538539690304,8.391653360993613,Moderate_Risk
14.469555700840479,248.8207796670548,5,4,2.7106585087611474,17.87131728877243,Moderate_Risk
6.475891323535122,379.0687796589601,1,5,1.1908648492457625,10.72341626415181,Moderate_Risk
3.038331608433676,-447.19289859988965,1,2,2.4634249686241843,15.515015237715371,Moderate_Risk
1.5677257625962049,152.25760646585536,5,4,1.25600381860042,3.0225883229459445,Moderate_Risk
38.73604381292412,323.12460995009474,3,3,4.186399456822912,1.9458459407474458,Moderate_Risk
17.75166830724395,237.7975561063729,2,3,3.8854801149509877,10.133154227377196,Moderate_Risk
33.76196945767049,-35.32036214267043,2,2,1.4863514741538455,4.246748894556799,Moderate_Risk
33.81708647571282,-381.08965196603947,1,4,1.2933111425995858,3.589395577933045,Moderate_Risk
37.039843026310486,-101.4933765257876,5,4,1.1174506600577558,13.1054425313035,Moderate_Risk
20.192827824056277,-107.08182330292601,5,1,4.890180406227798,17.469893279606158,Moderate_Risk
8.653530556580987,-279.20207879106596,4,3,1.8008761173718626,14.721030102533538,Moderate_Risk
25.488929286434008,50.90876849040296,5,2,3.69739747284205,0.6288975234461047,Moderate_Risk
2.2256611715707058,101.55845245601574,3,2,1.6708309490434612,8.431256137564551,Moderate_Risk
34.10596434297872,326.61148465792996,3,2,2.2341626638569636,5.4868655537526285,Moderate_Risk
23.486331184616407,-185.25038143561903,3,3,3.5449357212933696,1.4149762972959572,Moderate_Risk
0.04803592602362572,-287.72286115925704,5,3,3.408308434528516,3.522011003546755,Moderate_Risk
40.06187828206284,-30.044059712659987,3,5,4.709938747291948,1.2837851744484663,Moderate_Risk
9.683022358292334,85.77132515472238,1,3,3.55787154144031,4.360436557800731,Moderate_Risk
4.462063676946645,-293.01484035916025,3,1,1.2926223462788595,2.780371295974611,Moderate_Risk
38.71268487985234,-179.60279640269215,2,2,0.7487168427555244,7.211655507690876,Moderate_Risk
11.916322979471085,110.48506734178852,2,3,4.497644538782783,18.600365756299148,Moderate_Risk
4.492397572955559,-392.59704371142277,1,1,3.288061653396404,2.527182387771495,Moderate_Risk
38.35720430686198,254.27151493789245,5,1,2.867272370987094,19.933876509231155,Moderate_Risk
1.9878796324872572,-98.73503581388667,2,1,4.768904744206885,11.579533074102097,Moderate_Risk
36.27859344501264,-329.6588063414812,5,5,2.7438779609434185,9.92407431778585,Moderate_Risk
43.6898127845582,-119.26763878285493,2,5,3.131387162622215,2.64824694990096,Moderate_Risk
14.44885318853347,-306.79167755486947,1,5,4.397650728489591,11.827690205936772,Moderate_Risk
16.140275618756004,-91.33062263328719,3,3,3.3491713196511923,18.542710890630968,Moderate_Risk
41.975082884564216,-108.5080204693366,2,4,2.5297092508336476,11.401891185527,Moderate_Risk
20.781806015238672,158.75340981670092,3,2,1.9432199601233424,6.980043034676388,Moderate_Risk
17.036675440187892,-405.3602317506113,1,2,3.7540121096542376,7.8430245592893915,Moderate_Risk
9.654253765206464,62.67241057485728,4,4,1.6584006305541714,16.553118650282514,Moderate_Risk
41.737718683127234,97.39452907384077,4,1,0.7365919564537492,18.91584583133594,Moderate_Risk
17.66181304192247,423.9004005454299,3,5,0.5207845947949743,0.8669857865363707,Moderate_Risk
30.61884625514649,62.66801383193308,1,1,3.845569825500734,17.057692207676716,Moderate_Risk
22.338786709768872,-34.24255964274505,1,3,4.039923706221197,6.681249728247497,Moderate_Risk
39.54436289021428,-126.93941244194696,3,5,1.7165380468969738,3.2957074204398817,Moderate_Risk
34.87085565215976,-3.4095211537184014,3,2,4.844371790667809,19.275240253220858,Moderate_Risk
38.50389547660816,-312.3907072349664,3,5,4.4516634109499185,7.5518323353338594,Moderate_Risk
4.549777467101324,310.96290223992185,3,3,3.0397670616163035,19.644671496725103,Moderate_Risk
27.324514372233246,-75.0206143338986,2,5,2.379286816943205,2.4561417552555085,Moderate_Risk
35.76377512879073,337.7168581870411,2,1,1.8670847828447483,17.499251701062782,Moderate_Risk
1.0786659987579954,20.457443767227687,3,3,3.605570463103069,3.351494832974144,Moderate_Risk
30.07488333578192,-123.26599212512355,4,4,0.6804275444274916,9.288371223971735,Moderate_Risk
23.501290229206745,-285.6735971450134,1,3,1.3481343635553562,6.948407453460625,Moderate_Risk
4.356456718723715,447.3197957296045,3,1,4.14036321128037,19.49090074986605,Moderate_Risk
3.6330876001232597,151.66946793499403,5,5,3.3540549528502774,8.637619815012512,Moderate_Risk
19.39843609370722,-464.1011139926411,3,2,4.970943485540813,19.178279766841488,Moderate_Risk
1.8179652978973433,205.79700362948813,2,3,4.563451190327616,0.9977834396146428,Moderate_Risk
42.11433459049863,337.4757437877769,1,5,0.7692095179278464,16.710682520106026,Moderate_Risk
7.009095193856072,34.89815297587052,5,1,3.053516510971955,8.004942699309199,Moderate_Risk
20.02572246842965,-436.882829296129,5,1,1.8979438328648726,3.8683334842897907,Moderate_Risk
12.872128582817787,464.3731948914789,1,1,4.402863682255316,14.186093498588809,Moderate_Risk
37.350863062156265,475.89754036789634,5,4,4.745220580750338,2.626011610139303,Moderate_Risk
35.81048543251365,45.67569408104782,3,2,4.545147093442312,19.438895991069554,Moderate_Risk
31.71772453694314,-17.06161052821608,3,3,2.238536557504318,7.295820688495986,Moderate_Risk
17.617807875799414,-410.2467647488047,1,4,4.009414297425403,8.976850569112498,Moderate_Risk
41.88080198450792,112.22100859395243,1,1,1.2088550359286576,4.19581388095885,Moderate_Risk
43.908121097534725,-281.2957738483651,3,2,4.712796192380883,19.54613532529571,Moderate_Risk
10.636219592259506,-450.88235624995986,1,2,0.7849781541615114,3.9829723977374942,Moderate_Risk
25.585637161668092,412.44879629564184,3,2,3.316953005145863,4.117158307029867,Moderate_Risk
36.026262930323256,117.78890850558321,5,4,4.769793981526028,7.023225437556186,Moderate_Risk
4.076057634094771,-274.07104208321755,3,3,4.75562143321013,7.628365465230963,Moderate_Risk
34.68479461494165,40.47669217075497,1,3,1.9433035352905321,13.09851851195409,Moderate_Risk
30.278402760820207,-65.24025319095381,2,5,3.7485805078070435,3.4605735280930237,Moderate_Risk
42.150136133930694,-312.0964209635233,1,5,2.7394146606442047,10.43903700238291,Moderate_Risk
22.868681165021016,-63.33251066116054,5,2,2.6882627570176183,9.611136956722635,Moderate_Risk
18.97947282215526,-433.17424529853713,3,4,1.5258549750043209,12.788418706558092,Moderate_Risk
2.287505787681472,481.3871012530017,3,1,4.535399172158143,9.563667347335402,Moderate_Risk
2.714886835839978,322.21354609380694,4,4,4.017906714082754,8.620580283826579,Moderate_Risk
28.70715349109902,356.22900379660746,4,4,2.064531356761565,13.284338927887376,Moderate_Risk
30.23343848763303,460.586962506625,2,4,2.41286795381359,16.261246927622476,Moderate_Risk
22.759304163423355,236.57309311573306,3,3,1.469728138157152,14.929556471342114,Moderate_Risk
5.901982613311947,-301.41633646869195,4,2,3.862714100864314,17.904288948669517,Moderate_Risk
12.266392383715127,-389.2757413994457,5,1,1.194903896099641,4.033572946867326,Moderate_Risk
13.109825410130957,29.391354026287445,5,1,3.922457102284401,14.192335321468438,Moderate_Risk
7.8831255535201645,-142.31736847402578,3,4,1.1634167906851363,5.541251072320782,Moderate_Risk
13.87499417787799,-372.72380167096077,3,4,3.672626884358868,1.491639466389538,Moderate_Risk
21.65053957934174,282.211195267795,4,3,4.167828932984394,9.019988600095079,Moderate_Risk
36.92506871879373,-259.2469287857305,2,2,1.293600093880106,9.402942334628579,Moderate_Risk
17.642701008694946,-259.0728835856878,4,5,1.9123104745024095,5.52880616990213,Moderate_Risk
5.890064888272278,-61.17829819805132,2,4,2.1617277860343584,4.796345526148997,Moderate_Risk
34.34199704189552,430.00334735471733,3,2,3.393492905033747,17.35672830447345,Moderate_Risk
44.94733368001464,113.51648472983209,5,3,4.588737109500389,15.849884607371683,Moderate_Risk
20.74191259828996,-418.84599957610067,1,4,2.6474028497731608,9.936859217338892,Moderate_Risk
18.33130745383375,68.16735129136453,3,4,4.264758684647118,2.262276354919022,Moderate_Risk
10.132994974749545,293.0049789596304,5,1,4.976708961293905,17.470949126102976,Moderate_Risk
40.045455318254895,-185.65205737009518,3,1,1.7063829716924797,12.16535802403504,Moderate_Risk
42.24624093931673,-155.35911348838226,3,5,1.833348337040683,3.479019478076879,Moderate_Risk
8.783348841839505,-442.0546554618701,5,4,2.3129582382843332,16.699005750841952,Moderate_Risk
30.6598262710361,-308.0788385889146,1,4,4.153946906797452,5.367763041328793,Moderate_Risk
41.09783326658891,-359.9445953105094,4,2,4.165132442139202,4.7816021294713345,Moderate_Risk
12.429331355545472,464.51888613920164,2,3,2.434806724550215,8.707060305523084,Moderate_Risk
11.38656374683576,275.7910864370905,4,4,2.2024310640070355,16.719003242506602,Moderate_Risk
9.588372047955108,-495.69422433232137,3,3,4.973349976035704,0.8690217655550035,Moderate_Risk
9.359913316880725,18.914642487084166,5,4,0.9006890228377396,7.965169609801996,Moderate_Risk
33.61841102834489,-128.45679159363846,1,2,1.379731223284643,8.259970859608385,Moderate_Risk
21.5737683662651,361.81441781601393,4,3,3.6068087953197567,19.66144471356455,Moderate_Risk
18.532954813543817,-96.64559675087168,5,2,1.6064401415227638,14.623323401427045,Moderate_Risk
33.95579121981606,-402.21200255455693,3,3,1.402531120946993,3.7889679287694644,Moderate_Risk
20.87226497082943,-210.57029249193505,4,1,4.584222011257171,16.074140045238476,Moderate_Risk
11.971389267974937,-225.86560631139162,2,1,1.1076714322530623,18.881587525263853,Moderate_Risk
18.09215091706812,-275.31052545412626,5,3,2.296378861960057,0.7988245410823649,Moderate_Risk
7.287370661233403,139.25034035617,4,3,1.4492047481992083,18.35617222639623,Moderate_Risk
38.2948704023474,348.3807540610809,2,1,0.7274119489252597,17.361728435703416,Moderate_Risk
13.761010293235532,118.9163811735259,4,3,1.0773196633000408,15.638683254929052,Moderate_Risk
42.23301565324796,228.37496574640898,3,5,4.445051624382662,10.596406838443922,Moderate_Risk
33.514691751753936,320.50594385860404,4,1,1.7953469422166928,2.4450936280260382,Moderate_Risk
10.725233821292706,2.8749369803532545,3,4,3.121899571915419,7.962526567203027,Moderate_Risk
35.41011216525125,413.15375034720785,2,4,3.814354479658496,13.591639865646387,Moderate_Risk
23.539072467569174,-311.4697661258398,4,2,4.822818285329747,14.464543011448907,Moderate_Risk
41.30369984815803,484.1852649479997,2,2,3.372005988168516,9.53126147899775,Moderate_Risk
44.39829360884536,-406.1921759922751,3,3,4.439925700372562,5.752621079477657,Moderate_Risk
35.45067827874927,-117.21683721974432,5,4,4.475884263906684,6.096275117486044,Moderate_Risk
34.658690109203484,-163.1434561667313,4,2,3.463163457769814,16.60894864080553,Moderate_Risk
1.1002878396906697,-279.84210884770033,4,5,3.035854566362918,9.962541056202745,Moderate_Risk
2.4844480518591205,-151.7241165385438,5,5,0.6390177666621448,7.98908108375976,Moderate_Risk
42.531672945184766,-449.1192654549854,4,2,1.659256772819164,17.34551575985808,Moderate_Risk
33.57305905317143,385.70517085836286,2,2,2.890817396683722,15.607471877138533,Moderate_Risk
11.056488434774144,-269.25369473278306,1,3,4.813318822889536,14.229335913087004,Moderate_Risk
28.60021593045832,243.99472269499086,3,5,2.642602194906847,9.045691598358063,Moderate_Risk
28.819764544663858,-298.4650246076168,5,1,4.152885670486693,7.0563158678954725,Moderate_Risk
26.037418356563595,-358.9727000499854,5,2,4.563017094336276,18.44576037933409,Moderate_Risk
14.947337146655324,-330.8652926171443,2,2,0.9050062597029044,2.4902015390175483,Moderate_Risk
3.2087040383180425,489.8230692048735,1,1,1.0964393642813612,16.562366452255656,Moderate_Risk
26.11080975343244,274.4172045693324,4,1,4.469787816480267,12.805503802518336,Moderate_Risk
23.495629180641792,212.74969376129968,3,3,2.057287203071306,9.406283803759226,Moderate_Risk
7.63713472943523,296.5717298026914,2,4,1.1908919585167137,5.002409611486212,Moderate_Risk
37.89315682975079,-169.79870440226864,4,5,4.353843337950827,1.647118871808338,Moderate_Risk
34.426098233011935,-192.33453362096998,2,4,3.600056536038375,18.204952792391353,Moderate_Risk
13.275864392057793,68.83380538431902,2,2,2.9942851357689255,12.475054410021375,Moderate_Risk
27.46509249555809,123.54636964274596,1,5,3.620932113140238,13.527532091966442,Moderate_Risk
30.716465499759742,-425.92944726129366,3,4,2.340658094205784,1.8255585244996628,Moderate_Risk
10.006556755356481,-59.03736820196326,4,5,1.5667793464309843,16.612023211485738,Moderate_Risk
24.560922858275855,260.42168518461744,3,5,2.746374014400005,12.43241584865484,Moderate_Risk
41.75867736746209,-8.187418587090065,3,5,3.208986335873883,14.776551232224742,Moderate_Risk
3.2332650968805443,15.687438521972126,3,4,4.647582429069066,9.920780950683186,Moderate_Risk
21.074424061244894,462.199988534702,3,3,1.3139799364494065,4.416630843835187,Moderate_Risk
4.283439225163836,-499.43187074105555,3,4,3.9615916158419964,14.695982211716732,Moderate_Risk
1.446708951128259,69.9829035940329,1,5,4.734843281441138,3.4305634929191675,Moderate_Risk
28.19876479638667,-173.76163783594325,4,2,2.355163684088338,15.216896740897253,Moderate_Risk
10.380560639753602,405.7918529142602,3,5,3.9024191647078377,17.00963080888442,Moderate_Risk
44.94728749296622,-276.0543344060418,2,4,1.6269488902934972,5.331139509979674,Moderate_Risk
26.210013369271984,493.522523145843,5,1,2.8704795411303845,12.816641484267008,Moderate_Risk
38.69867446657227,432.9334584535052,2,2,2.878437780241038,16.673457387764095,Moderate_Risk
13.644093448556625,-60.1909575195333,5,2,4.932710135243919,18.131525534227116,Moderate_Risk
35.93017551726259,-230.86949927719422,2,1,2.962772785421936,11.25946975378404,Moderate_Risk
22.747626871068015,136.67027991630607,3,3,3.8712837079198983,6.737643536919271,Moderate_Risk
14.880464862585864,-372.774038108172,1,3,4.327343955146109,8.981018537750785,Moderate_Risk
10.25405039487752,259.3411000223874,3,5,0.5952020514048206,6.395593001000631,Moderate_Risk
7.965063500460347,155.87286098284062,2,5,0.7922605064447463,1.1932062850336183,Moderate_Risk
26.177728408142173,-478.27654429591036,5,1,1.1992870366577404,12.170670070389052,Moderate_Risk
20.010961260483555,-57.148478768097505,1,2,4.112385125954971,17.871744446589727,Moderate_Risk
0.4957500322902808,-321.39582430288226,5,3,2.9727212576002615,3.0857876071393813,Moderate_Risk
9.125570367412148,159.9862442371142,4,1,3.1974206386097084,19.067652760259264,Moderate_Risk
22.232862164779966,-199.72808785747333,3,5,2.1184983214997493,4.565876264226257,Moderate_Risk
2.068346220306303,-147.7875064348758,4,3,0.5829701129383722,8.839652412798099,Moderate_Risk
28.98042306524408,110.40410917430722,4,4,4.147338720469088,14.262945836295817,Moderate_Risk
4.6258963265137245,-24.977555995639307,4,4,1.6050471746425323,0.9467811711708525,Moderate_Risk
10.061564439422112,-45.10559826736113,3,1,1.2950014159722274,16.505869299401507,Moderate_Risk
41.6559000931526,-298.6516809472848,5,4,0.5803743162883137,18.506753206868215,Moderate_Risk
42.836795553640854,-487.9481369840748,4,5,4.865907076564295,18.12745415447379,Moderate_Risk
43.68195725382959,50.32350569763935,1,4,4.324051390122662,12.31518229059933,Moderate_Risk
27.663153488473007,-82.74639014131378,3,4,1.1911090058875153,14.82142352866639,Moderate_Risk
3.3757788308194048,229.78076704379203,5,1,2.626109049040197,10.24562428453528,Moderate_Risk
14.049642281493522,469.4585837255876,4,1,2.1604484898515524,3.578666986036801,Moderate_Risk
9.88108164909411,-36.07771388994996,5,3,3.803658555924131,4.38335058876508,Moderate_Risk
38.680251003850415,-121.79947699031891,5,1,1.5876481909150892,12.41134617753272,Moderate_Risk
41.70017196365769,-242.10599085220588,4,1,4.9429067898071475,3.0969059161357695,Moderate_Risk
3.978103081530348,174.19519244481614,2,5,0.8206001481496601,9.558581795883722,Moderate_Risk
33.91968058397801,-214.8775995848112,2,3,4.305647302911375,10.449431054003611,Moderate_Risk
41.85463937612944,-309.4049676879793,5,4,0.6158988653192494,1.7816766776309214,High_Risk
34.78530381661596,-469.46197323171583,5,4,0.5473725067294898,0.6445281533362451,High_Risk
27.795751809397363,-417.12924560112776,5,5,0.7796363291025302,0.16088281981853667,High_Risk
37.28772213070371,-369.7330002519907,4,5,0.5137773552940503,0.5717590709820563,High_Risk
34.130946459881045,-337.9394889453067,4,4,1.0304411796030788,1.2276796256401652,High_Risk
25.436627832916233,368.9662518797676,4,5,0.6002873984952503,1.587359074732426,High_Risk
43.84808501617045,-379.7254474377304,5,4,0.7848075886498894,1.5963556112401118,High_Risk
37.64710101532603,496.20096227075453,4,5,0.9449377610270062,1.1392767963986146,High_Risk
27.93486466415305,-302.4705104487076,4,4,0.9525079315243841,1.7010437812645727,High_Risk
31.47802525438577,-304.390850842404,4,4,0.630921312146499,0.19827083416614302,High_Risk
43.90833144879897,-399.18721868708985,4,4,0.9236551205506051,1.8672004865752359,High_Risk
35.04825987261877,351.76712744747994,5,5,1.3595307918093251,0.9516794736521131,High_Risk
30.58974747140379,377.9778937745218,5,4,1.4765270664151458,0.4543182600361414,High_Risk
31.028012734403713,-421.63245801798945,4,5,1.1800349354078914,0.44451077165511954,High_Risk
38.49625504811739,-428.95643317576,4,4,1.2167517501636094,0.9863675999628517,High_Risk
32.22597797705366,414.3901251282405,4,4,1.4000912781436825,0.7510355624639171,High_Risk
25.779587550746406,-475.21238911182445,4,5,1.247110872687411,0.3484284454150053,High_Risk
41.138884487080716,421.30642008158895,5,4,1.2135866099074173,1.9863351188138454,High_Risk
31.830765244032456,-396.1665530171357,5,5,0.6779124882961445,1.2649078960888651,High_Risk
25.28249466953648,352.9148555642523,4,4,0.608249441474857,0.5564730017313192,High_Risk
30.478123372120905,-444.12903756125417,4,4,0.8786209274345186,0.8318187009763415,High_Risk
31.78015481205758,-482.05374445174976,4,5,0.7021143001564666,1.5376339120915692,High_Risk
44.81619531102244,400.8438711075537,5,5,0.8145815690358426,1.570484933411547,High_Risk
40.29513375865297,479.1009154393769,4,4,1.2668755681071975,1.6321575847121694,High_Risk
31.169192449955005,318.86830052793107,5,5,1.2700907181588694,0.2772147201162218,High_Risk
38.12459296210001,-345.96261011116343,5,5,1.1024102530914477,1.7280347446414839,High_Risk
26.957665604297194,-417.1644956814659,4,5,0.9482160875711662,0.6039055666138753,High_Risk
32.85470024203506,-324.11765330246294,4,4,1.393743128716272,0.9093448331444135,High_Risk
31.55615441387972,383.54865727256794,4,4,1.002679324796067,0.3884232928497794,High_Risk
32.038598860459324,382.6816488779717,5,4,0.7567217615351662,1.942565999778919,High_Risk
40.694440417027025,467.6273109660608,4,4,1.0264600906350139,0.4229591902719928,High_Risk
41.36454705254515,352.68986287138114,5,4,0.6151860533142607,1.1713385665954967,High_Risk
39.42081109333451,-380.42879335875926,5,4,0.5675273144180534,1.0732616451025914,High_Risk
30.171143562974798,323.735473415769,5,4,1.3947285817147317,0.4533513977638475,High_Risk
31.465317687302093,443.6124673268501,4,4,0.6562913219609751,0.297887838225456,High_Risk
44.99530673828688,-325.4936501703004,4,4,1.4223576385460033,0.2667428272659461,High_Risk
27.28038382669102,489.498609008957,4,4,0.8551648869938718,0.9596554461860402,High_Risk
33.32323360134582,-320.3249232121251,4,5,1.2052724094776517,0.22759578769644848,High_Risk
25.77502663056859,367.8031715146521,5,5,0.5940212021688304,1.9047176218401403,High_Risk
39.97028933786191,327.2941108089022,4,5,0.8683441642063441,1.1206280318209554,High_Risk
30.937369710148285,-426.22432385250585,4,5,0.8859212914632149,0.4742231309780498,High_Risk
30.23792749129471,377.630766915613,4,4,1.033905632722373,1.5665350276034589,High_Risk
32.577359126959145,493.24052507363524,5,4,1.4097975765175446,1.6079779860872112,High_Risk
26.174373633002993,-360.3363184262824,5,5,0.9583762911615126,0.27629236284080494,High_Risk
36.24018349425736,-349.69608794412136,5,4,1.2234313683772866,1.751787471069195,High_Risk
37.578960343255545,450.91405908792626,5,5,1.3690537862770027,0.16921737179747828,High_Risk
36.12380593595579,-327.93082184364334,5,5,0.9202224790324381,0.4573980334305675,High_Risk
31.78047251839653,340.87190904232773,4,5,1.388028758227551,1.551999664202222,High_Risk
28.99589861316265,-305.5859645738228,5,4,1.1105220042138249,0.6844941223058476,High_Risk
30.982502883330447,-354.30362661961374,4,5,0.504857337777279,1.4860406669358603,High_Risk
43.977475142982506,394.3280381248757,4,4,0.9361364226491053,0.7168229675096339,High_Risk
35.434284283716806,-380.36642399184507,5,5,1.4950094173238102,0.24961225077754254,High_Risk
32.69366945322683,-429.5759052148933,4,4,0.6745371316267883,1.5517445015004518,High_Risk
34.92577485658472,306.5184886494029,4,5,0.9032735829303441,0.25252690876767053,High_Risk
30.25459192829667,341.7919214969228,4,4,1.0736406687957092,1.0461967525069977,High_Risk
36.6087659440569,-334.6475280210106,4,4,0.9283926458414656,1.4105475120437654,High_Risk
42.36472880565799,-386.45088018124943,4,5,0.6703190881118289,0.23136250868561753,High_Risk
39.55761783997044,-355.25094196163246,4,4,1.3625478004083256,1.6875073764110742,High_Risk
26.77857486100565,-488.7422374036018,5,5,0.7347034890518958,1.1417193039305584,High_Risk
33.524884063601135,397.77966029413415,5,4,1.4890919394999025,0.3852461578235885,High_Risk
41.614078774918625,-404.47024608540585,5,4,1.1652139656041212,1.4019077767956525,High_Risk
30.26634564512971,-426.6837873001899,5,4,0.9622279301436681,0.7211068685662797,High_Risk
31.1096122474234,-426.9905506230483,4,4,1.372104302003574,1.2440268444835119,High_Risk
27.67572851187711,469.53329359959463,4,4,0.6506005943372639,0.11637278855412891,High_Risk
25.945006777129702,497.43726640833876,4,4,1.2480709590798926,0.2365381150978241,High_Risk
36.84265649807334,371.84087945354753,4,5,1.095189352125426,1.9833647934660528,High_Risk
30.152348456769914,-475.214821449297,5,4,1.0964450993602735,1.6053145906237645,High_Risk
40.06146547241019,461.1545396684603,4,4,1.055877404875761,0.665082722277802,High_Risk
31.59570759103005,436.3791810134147,5,5,0.9169125367187445,1.1211313893725556,High_Risk
34.74230839832843,-452.6596010946793,5,5,0.5673743051330062,1.8697776656868896,High_Risk
27.476873638867417,-346.9357552122727,4,5,1.4002780996154094,1.4788318443728177,High_Risk
26.372417142177177,426.32570843426356,5,4,1.3281978524893359,1.4648660700289946,High_Risk
36.723525905419436,-360.5452676340142,5,4,1.0875217805288742,1.3622552500250824,High_Risk
33.74256084399602,499.53347846772715,4,4,0.7024052795037623,1.12493174146234,High_Risk
34.62750794523316,309.8148095448546,4,4,1.0829782620655608,1.2118635674794291,High_Risk
38.14667923536747,428.3094406681713,5,4,1.1247606346845918,1.1212645588206887,High_Risk
37.12392857775622,-445.368691854896,5,5,1.372987215401707,1.390197956947187,High_Risk
26.808161569437953,344.3475975274198,5,4,1.3274408525087473,1.2275669179209494,High_Risk
36.82725219503419,-410.74999576773814,5,5,1.2233203309671565,1.0875319534221017,High_Risk
32.36464772496742,-471.398519734723,4,4,0.8733835432586747,1.8938729294449217,High_Risk
35.103067897174974,-478.8499725076972,4,4,1.315730635551057,0.828351307479965,High_Risk
40.45011612044827,322.1641539397408,5,5,1.4590960633711108,0.8640623423167524,High_Risk
26.018881780060447,476.7332563144966,5,5,1.0522531203440098,0.5023080952746373,High_Risk
41.38901511089274,-493.2244409714887,5,5,1.4504962698027062,1.6753859316569255,High_Risk
30.543962804210796,-311.9297174923639,5,5,1.0324153197128694,1.3204030821759167,High_Risk
34.252001214216165,-476.11031281425994,4,4,0.7327321466761875,1.6896174181724342,High_Risk
27.9166460147136,-390.2771881355585,4,5,0.6632066847177871,1.1703008592261284,High_Risk
32.36186541993231,482.44106808173524,4,4,1.413433659813064,1.8147309381035455,High_Risk
41.581751666718056,424.02933149310945,5,5,1.190495551217813,0.13131618113269833,High_Risk
44.16185158321299,456.29316788048436,4,4,0.512397213915796,1.0684958537652436,High_Risk
35.14380238631858,-432.05658916758466,4,5,1.027544874497183,0.8130284654176387,High_Risk
44.39863766099617,-436.0668864745826,4,5,1.043309176235957,1.048632488250881,High_Risk
37.87480930848546,357.04421709877346,5,5,0.5250402030051836,0.5985380981938866,High_Risk
34.27439455993186,-376.4661078892722,5,5,1.2467317148380466,1.0814915592017234,High_Risk
37.078893299572535,-491.7493934986875,4,5,1.1549959242014642,1.9915550692129749,High_Risk
25.316064783265922,450.2017505765116,5,4,1.04520490122264,1.2778403623497998,High_Risk
38.93449890549107,324.45790744056376,5,4,0.52601740355157,1.6887795268197732,High_Risk
26.534808531193946,-499.22117072377347,4,5,0.8343592267173923,0.4153865318253519,High_Risk
34.021803216078126,-346.4677934602517,5,5,1.1525672517670817,0.3363797385803954,High_Risk
30.907815894197014,317.7468986015778,4,4,1.4425046192334814,1.9062631987920229,High_Risk
33.22406354097785,391.3491196707998,5,5,0.5315813306929985,0.3738985829505811,High_Risk
37.28397607087199,-366.7895401461703,4,4,1.3866455581278214,1.6565928325639743,High_Risk
34.85675600137564,354.2275772470181,4,4,0.6974820518632782,1.7356837201898883,High_Risk
41.461352331368296,475.4953962448519,5,5,0.728336231631926,1.8704661525110995,High_Risk
36.42426382703995,-387.9252208064254,4,4,0.7885530069609521,0.5584972421573047,High_Risk
26.648559789142535,-322.44766485722255,5,5,1.0209756327557735,0.9143265446767412,High_Risk
34.28803252634384,-335.41282456138055,4,4,1.216622756727313,1.54397152184269,High_Risk
36.49738084055468,358.21007049013,5,5,1.229410459599304,1.6176246727473453,High_Risk
38.291594190546284,498.6197725435272,4,4,1.3139156837095705,1.5147015430842639,High_Risk
34.05740331424036,378.88518591451896,5,4,0.6059423569909616,0.5289728687259058,High_Risk
41.813923410675216,-421.1831821169484,4,5,0.9916103342974544,1.6310522265661827,High_Risk
42.90328235547479,-385.0358537519769,4,4,1.1142818504715784,0.9498238051257113,High_Risk
32.9728964170683,-383.60017424871717,5,4,0.9721444510206462,1.6538870889203534,High_Risk
39.91295982475715,-339.8845764969359,5,5,0.6534922053741905,1.2070966772884417,High_Risk
30.706239871984273,347.75706587173664,5,5,0.7551246560576339,1.071173150516892,High_Risk
43.97292935832384,-324.85230280735846,5,4,1.3748508488051634,0.4151454564743514,High_Risk
41.39316439070326,-421.3396232601384,5,5,1.18875221275992,1.1122068119419684,High_Risk
32.75728050165241,441.91168078964415,4,4,1.3924843372096598,0.5369012338554016,High_Risk
28.407830183172496,494.3988685403541,4,4,0.7496703789338265,0.36504781112816087,High_Risk
42.21127110547265,-399.36429465502243,5,5,0.5121409009220436,1.1573235719705088,High_Risk
35.24578085409892,371.0563079105554,4,5,0.6679379805988637,1.5075489401079947,High_Risk
40.694178183762965,-421.3085852023356,5,5,0.5027072736757872,0.6676422341830013,High_Risk
36.10084570105096,-445.59096216446613,4,5,0.6815231081096937,1.1062879578230194,High_Risk
39.133918426264515,318.6218661717062,5,4,0.6749778374874882,1.5531428011611443,High_Risk
32.21130221551701,341.25458068106917,4,5,0.9970258462174822,0.16257842792688493,High_Risk
29.505946775646667,467.4766956610851,4,4,1.3820777094381045,1.6152826877010402,High_Risk
42.39368591413931,434.830613458793,5,5,1.1527872244913149,1.8463083626765497,High_Risk
27.01044002833417,-485.50900528082565,5,5,0.945265465999388,1.383154494284758,High_Risk
41.82240129008643,332.3564915584532,5,4,1.3874228981367365,0.19286321601666367,High_Risk
40.08181120371147,-370.2806417059136,5,5,0.7597422520866369,0.3569205878075735,High_Risk
27.338944661784165,-372.44199197308444,4,4,0.7166334382058724,1.4145816761412158,High_Risk
38.736991315329334,486.99156337317015,4,4,1.335862971269293,0.242764875071173,High_Risk
39.79662188077009,469.31964325756337,5,4,1.1267660643271606,0.7712501439301989,High_Risk
38.58970436516208,499.6456962235708,4,4,0.5613040657734423,1.232130106388872,High_Risk
27.380482999643373,-434.24401773885256,5,5,0.6838081238785005,0.4149305990004698,High_Risk
25.89928484997655,438.7010848712122,4,4,0.5282923056381146,1.1614811633026065,High_Risk
30.65068802573422,386.9208351361931,5,4,0.7878090149613679,1.3903762000338977,High_Risk
26.081086232371984,496.1514935816704,5,5,0.9652124715635731,0.5179875347217965,High_Risk
41.25032680495929,344.3908079121898,4,5,0.962798937816785,1.6701800449481474,High_Risk
38.67689368668153,429.9654845126557,4,4,0.871711259829534,0.18675834232974167,High_Risk
40.738822716242474,-412.3523285824853,4,5,0.7094272814594289,1.2168616661811555,High_Risk
29.651060304073518,-346.49851680382034,4,5,0.8802355838993045,0.9195047348800035,High_Risk
41.30089646816188,-348.3927577484328,5,4,1.1608681959247993,0.9201940542363467,High_Risk
39.9557944629333,-417.11454577837185,5,5,0.8177223348092938,0.2980754109320023,High_Risk
33.297040110523305,-417.91170528891064,5,5,1.4307111812056468,0.16882242898607683,High_Risk
37.42916813003888,-495.9477743591722,4,4,0.6184852523548016,0.511908876889745,High_Risk
30.491404869218364,-394.19212130222195,4,5,0.6618693606287408,0.27777613265672135,High_Risk
35.993467985254874,-390.32045279305635,4,4,0.5242293540875849,1.8885971124134688,High_Risk
27.16616242377988,-470.6906346979719,5,5,1.1176602401699962,1.2595509082373162,High_Risk
44.73396403037059,-305.0998214915422,4,4,1.1230715035620356,0.8981587740753041,High_Risk
32.679036269543566,329.8455456880513,5,4,0.8791250610915485,1.3326723173882533,High_Risk
44.358134629667205,-315.4271274149619,5,4,1.2043968789774522,0.38344994938406185,High_Risk
35.66774861662064,391.24946147753633,4,4,0.7441190750855766,1.7233463028876472,High_Risk
25.689419856655256,499.87800730290536,4,5,0.6610456828199399,1.3808741716969555,High_Risk
26.199816691706964,436.8000207122112,5,4,0.8651847030210672,1.424836362374614,High_Risk
36.88588856027641,-387.37289128297806,5,5,1.16683328569045,0.9964038640483095,High_Risk
31.431682057389025,-451.07457344819426,4,5,1.4866259175249645,0.5227162790446059,High_Risk
41.29751885370745,-443.27977007888524,4,5,0.8244056641416051,1.616866544243736,High_Risk
44.15386816030846,330.7155733895513,5,4,0.6479469133047114,1.8354241024679927,High_Risk
35.35757151337157,-468.5949005331614,4,5,0.7479469916608847,1.8366381202344926,High_Risk
40.94524384544455,320.1523042242746,5,5,0.7571504740307766,1.131589240967574,High_Risk
31.409097711269105,-385.2309395950805,4,5,0.9691334369721168,1.336543303583666,High_Risk
27.563641463656083,401.14493989082496,5,4,1.1539054306210632,1.4490017883228365,High_Risk
39.32261881985676,422.7210870093848,4,5,0.5995096428654572,1.2518761769552689,High_Risk
26.327056075411623,-487.8585630796177,5,5,0.660338124942868,1.2597739069235991,High_Risk
40.817302617265355,361.9087016275255,5,5,1.063010760086359,0.9984856460929165,High_Risk
38.102277828495296,-304.15135208264115,4,5,1.3292211412031192,1.2287823752072569,High_Risk
29.89709494387432,316.8961791354144,5,4,1.0899852222430135,0.310425604953163,High_Risk
26.590111261847404,358.58718130076744,5,4,1.262073021030176,1.4265614649636607,High_Risk
30.57212105266902,489.62953690296683,4,4,0.826162642003566,0.5458773043770289,High_Risk
32.865002688013334,394.8485162850773,5,4,0.8141548880783424,0.36844960746549105,High_Risk
30.33867297875457,420.4833924306821,4,5,1.2899059817355876,0.22246912166432664,High_Risk
30.077821758447712,-302.92708756635557,5,4,1.1177859363885543,0.10947143405949851,High_Risk
28.686200041797147,375.9438652963331,5,4,1.2647242191417578,0.9500297383278279,High_Risk
39.99029955076541,392.1961649402941,5,4,1.4186646150612952,0.5724818578687292,High_Risk
42.73115827332556,-370.3103658824707,5,4,1.1146062192524262,1.0415161278898317,High_Risk
37.34694199851372,-456.88585793395634,4,5,1.097779340630038,0.9396120401156338,High_Risk
29.88951684971679,374.78436805864465,4,4,0.9097010765489946,0.44569161502583,High_Risk
39.63254030860467,-496.7485780214563,5,5,1.3157636115954137,1.4747627727744264,High_Risk
42.38183741037058,367.49794127688773,5,4,1.1088078092055942,0.6078693707401341,High_Risk
29.439045028941344,-368.1371608167094,5,4,1.2609529795170038,0.7009232166514512,High_Risk
29.105197009304042,-390.63730795189787,5,5,1.374823154274054,1.8405108294734727,High_Risk
42.00524770271959,393.0999994338115,4,5,0.5835620321484782,0.841524669367452,High_Risk
30.153741825459946,-309.3592450982703,4,4,1.459379272315231,1.5455937966102935,High_Risk
37.81891344250447,366.2948647318248,5,5,0.6866921182812653,1.881640321818361,High_Risk
31.03586679921187,-357.7674403611685,5,5,0.9512989183433053,1.301647845912494,High_Risk
28.18986143521712,354.12213903903876,4,5,0.6621799349437846,0.7315165565687127,High_Risk
31.625021206226563,-461.9160990667301,4,5,1.0417385716632284,0.3448670688739028,High_Risk
38.777940159776705,385.35912433287564,5,4,0.5983165911258644,0.18161949201372468,High_Risk
39.4273775502768,468.61164819315024,4,5,1.2769070549568304,0.8154235923135054,High_Risk
31.066752653643974,-300.7968489794946,4,4,1.3270080146079994,1.3150394274320023,High_Risk
39.70160888523734,471.68689701463654,4,4,0.5008246168346854,1.2372041291822058,High_Risk
32.077172786466676,-462.77224917915225,4,4,0.5702333708867032,0.20813508404405662,High_Risk
43.32052509664888,-303.553860505283,5,4,0.6425712823271138,1.4583561755027628,High_Risk
37.01609778254138,319.2382000028949,4,4,0.5766386614508815,1.2478549899124354,High_Risk
44.731821516981825,442.15230700438593,5,5,1.1780115541717961,0.17634498799409365,High_Risk
42.34011201713195,-499.1272756970569,5,4,1.4370150008762637,0.588928305670468,High_Risk
34.8302634610568,-488.461465666712,4,5,1.2270109059613554,1.7417414944100833,High_Risk
27.86597678504982,-460.9941064710345,4,5,1.0534313698869835,1.4298521232615304,High_Risk
37.95754961770141,-388.9979508120189,4,5,0.6543037187226844,1.8704097771506685,High_Risk
